"Bestseller Products","Meilleurs ventes"
"Bestseller Products Grid Template","Gabarit des produits meilleurs ventes sous forme de grille"
"Bestseller Products List Template","Gabarit des produits meilleurs ventes sous forme de liste"
"Catalog Bestseller Products List","Liste des produits meilleurs ventes du catalogue"
"Catalog Promotion Products List","Liste des produits en promotion du catalogue"
"List of Products that are bestsellers","Liste des produits meilleurs ventes"
"List of Products that are in promotion","Liste des produits qui ont un prix ""sp√©cial"""
"Promotion Products","Produits en promotion"
"Promotion Products Grid Template","Gabarit des produits en promotion sous forme de grille"
"Promotion Products List Template","Gabarit des produits en promotion sous forme de liste"


